Age,Sex,Job,Housing,Saving accounts,Checking account,Credit amount,Duration,Purpose,bedrock_description,bedrock_prediction,bedrock_confidence,bedrock_reasoning
67,male,2,own,,little,1169,6,radio/TV,"Descripción del cliente bancario:

Este cliente es un hombre de 67 años de edad. Según la información proporcionada, su ocupación se clasifica como ""Job 2"", lo cual sugiere que se trata de un trabajador con un empleo estable y una trayectoria laboral consolidada. 

En cuanto a su situación financiera y vivienda, el cliente es propietario de su propia vivienda, lo cual indica una cierta estabilidad y solvencia. Sin embargo, los datos muestran que no tiene cuentas de ahorro registradas (""Saving accounts"": NaN) y que su cuenta corriente tiene un saldo ""little"", lo que podría reflejar una situación financiera moderada o conservadora. 

Con respecto a la solicitud de crédito, el cliente está solicitando un préstamo por un monto de 1,169 unidades monetarias, con una duración de 6 meses, y cuyo propósito es la adquisición de un ""radio/TV"". Esta solicitud de crédito de corto plazo y para un bien de consumo podría considerarse como una necesidad puntual del cliente, más que una inversión a largo plazo.

En resumen, este cliente bancario es un hombre de 67 años, con un empleo estable y una situación de vivienda propia, pero con una posición financiera moderada. La solicitud de crédito parece responder a una necesidad específica a corto plazo, lo cual deberá ser evaluado cuidadosamente en el análisis de riesgo crediticio.",good,0.7,"El cliente es un hombre de 67 años con un empleo estable y una situación de vivienda propia, lo cual indica cierta estabilidad financiera. Si bien su posición financiera parece moderada, la solicitud de crédito es de corto plazo y para un bien de consumo, lo que sugiere una necesidad puntual. Por lo tanto, se considera que el riesgo crediticio es relativamente bajo y se recomienda aprobar la solicitud."
22,female,2,own,little,moderate,5951,48,radio/TV,"Descripción del cliente bancario:

Este cliente es una mujer de 22 años de edad. Según la información proporcionada, se desempeña en un trabajo que se clasifica como el número 2 en la escala de ocupaciones. Esto sugiere que se trata de un empleo estable y con un nivel de ingresos adecuado para su edad.

En cuanto a su situación financiera, el cliente cuenta con una pequeña cantidad de ahorros y una cantidad moderada en su cuenta corriente. Esto indica que tiene cierta disciplina y capacidad de ahorro, lo cual es positivo para su perfil crediticio. Además, el hecho de que sea propietaria de su vivienda refleja una mayor estabilidad y responsabilidad financiera.

Con respecto a la solicitud de crédito, el cliente está solicitando un préstamo por un monto de $5,951 con una duración de 48 meses, y el propósito del crédito es la adquisición de un radio o televisión. Si bien el monto del crédito no es excesivo, la duración de 4 años puede representar un reto en términos de la capacidad de pago a largo plazo, especialmente considerando su edad y etapa de desarrollo profesional y financiero.

En general, el perfil de este cliente muestra aspectos positivos, como su edad, empleo estable, propiedad de vivienda y cierta disciplina financiera. Sin embargo, es importante analizar con detenimiento su capacidad de pago a lo largo del plazo del crédito solicitado, así como su historial crediticio y otras variables que puedan influir en el riesgo de incumplimiento.",good,0.8,"El cliente presenta un perfil crediticio favorable, con aspectos positivos como su edad, empleo estable, propiedad de vivienda y cierta disciplina financiera. Si bien la duración del crédito solicitado puede representar un reto a largo plazo, la información proporcionada sugiere que el cliente tiene la capacidad y responsabilidad necesarias para cumplir con sus obligaciones. Por lo tanto, se recomienda aprobar la solicitud de crédito."
49,male,1,own,little,,2096,12,education,"Descripción del cliente bancario:

Este cliente es un hombre de 49 años de edad que se desempeña en un trabajo estable. Su perfil demográfico y profesional indica que se trata de un individuo maduro y con experiencia laboral. 

En cuanto a su situación financiera y vivienda, el cliente posee una propiedad propia, lo cual sugiere cierta estabilidad y solvencia. Sin embargo, sus ahorros se describen como ""poco"", lo que podría indicar que no cuenta con un colchón financiero significativo. Además, no se proporciona información sobre su cuenta corriente, lo cual limita el análisis de su flujo de efectivo.

Con respecto a la solicitud de crédito, el cliente solicita un préstamo por un monto de $2,096 con una duración de 12 meses, y el propósito declarado es para fines educativos. Esta información sugiere que el cliente podría estar buscando financiar algún tipo de programa de capacitación o desarrollo profesional. Es importante evaluar cuidadosamente la capacidad de pago del cliente, así como la viabilidad del propósito del crédito, a fin de determinar el riesgo crediticio asociado a esta solicitud.

En general, este perfil de cliente presenta algunos aspectos positivos, como la estabilidad laboral y la propiedad de vivienda, pero también algunas áreas de preocupación, como la limitada información sobre su situación financiera y la falta de un colchón de ahorro significativo. Un análisis más detallado de su historial crediticio, ingresos y otros factores relevantes sería necesario para evaluar de manera integral el riesgo asociado a esta solicitud de crédito.",bad,0.7,"Si bien el cliente presenta algunos aspectos positivos, como la estabilidad laboral y la propiedad de vivienda, la falta de información sobre su situación financiera y la limitada información sobre sus ahorros sugieren un riesgo crediticio elevado. Además, el propósito del crédito para fines educativos podría implicar una menor capacidad de pago. Por lo tanto, se recomienda rechazar la solicitud de crédito debido al alto riesgo asociado al perfil del cliente."
45,male,2,free,little,little,7882,42,furniture/equipment,"Descripción del cliente bancario:

Este cliente es un hombre de 45 años de edad. Según la información proporcionada, se desempeña en un trabajo que se clasifica como el número 2 en la escala de ocupaciones. Esto sugiere que se trata de un individuo con un nivel de ingresos y estabilidad laboral promedio.

En cuanto a su situación financiera, el cliente cuenta con ""poco"" saldo en sus cuentas de ahorro y de cheques, lo cual indica que no posee un nivel de ahorros significativo. Su solicitud de crédito es por un monto de $7,882 con una duración de 42 meses, y el propósito declarado es para la adquisición de muebles y equipos. Esto podría interpretarse como una necesidad de financiamiento para realizar una inversión en su hogar o negocio.

En lo que respecta a su vivienda, el cliente vive en una propiedad ""libre"", lo cual sugiere que no tiene una hipoteca o alquiler que deba pagar mensualmente. Esta información, junto con los detalles de sus cuentas bancarias, permite inferir que el cliente tiene una situación financiera moderada, con ingresos y gastos fijos relativamente estables.

En resumen, este cliente bancario es un hombre de 45 años, con un empleo de nivel medio y una situación financiera y de vivienda que se puede considerar como promedio. La solicitud de crédito para la adquisición de muebles y equipos podría indicar una necesidad de financiamiento para mejorar o equipar su hogar o negocio.",good,0.7,"Basado en la información proporcionada, este cliente presenta un perfil de riesgo crediticio moderado. Aunque no tiene ahorros significativos, su edad, empleo estable y vivienda propia sugieren una situación financiera relativamente estable. La solicitud de crédito para muebles y equipos también indica una necesidad de financiamiento para mejorar su hogar o negocio, lo cual se considera un propósito razonable. Por lo tanto, se recomienda aprobar el crédito, pero con un seguimiento y monitoreo adecuado."
53,male,2,free,little,little,4870,24,car,"Descripción del cliente bancario:

Este cliente es un hombre de 53 años de edad que se desempeña en un trabajo de nivel medio. Su perfil demográfico y profesional indica que se encuentra en una etapa madura de su vida y carrera, lo cual puede ser un factor positivo en términos de estabilidad y experiencia laboral.

En cuanto a su situación financiera y vivienda, el cliente cuenta con ahorros y una cuenta corriente limitados, lo cual sugiere que su liquidez es ajustada. Vive en una vivienda sin costo de alquiler, lo cual podría ser un indicador de una situación patrimonial más sólida. Sin embargo, la información disponible no permite hacer una evaluación completa de su capacidad de pago y endeudamiento.

Con respecto a la solicitud de crédito, el cliente solicita un préstamo por un monto de $4,870 a 24 meses de plazo, con el propósito de adquirir un vehículo. Este tipo de financiamiento para la compra de un bien de consumo duradero es común, pero requiere un análisis cuidadoso de la capacidad de pago del solicitante y de los riesgos asociados a la operación.

En resumen, este cliente presenta un perfil demográfico y profesional estable, pero su situación financiera y patrimonial parece ser ajustada. La solicitud de crédito para la adquisición de un vehículo deberá ser evaluada con detenimiento, considerando los riesgos inherentes a este tipo de financiamiento y la capacidad de pago del solicitante.",bad,0.7,"Si bien el cliente presenta un perfil demográfico y profesional estable, su situación financiera y patrimonial parece ser ajustada, con ahorros y cuenta corriente limitados. Esto, sumado al hecho de que la solicitud de crédito es para la adquisición de un bien de consumo duradero, sugiere un mayor riesgo crediticio. Por lo tanto, se recomienda rechazar la solicitud de crédito."
35,male,1,free,,,9055,36,education,"Descripción del cliente bancario:

Este cliente es un hombre de 35 años de edad que se encuentra en una etapa madura de su vida profesional. Según la información proporcionada, su ocupación actual se clasifica como ""Job 1"", lo cual sugiere que se trata de un empleo estable y de tiempo completo. 

En cuanto a su situación financiera y vivienda, el cliente vive en una vivienda ""free"", lo que indica que probablemente no tiene que pagar un alquiler o una hipoteca. Sin embargo, no se proporcionan detalles sobre sus cuentas de ahorro o corrientes, por lo que no se puede determinar con certeza su nivel de liquidez o ahorros. Esta falta de información financiera detallada representa un factor de riesgo a considerar en la evaluación crediticia.

Con respecto a la solicitud de crédito, el cliente está solicitando un préstamo por un monto de 9,055 unidades monetarias, con una duración de 36 meses. El propósito declarado de este crédito es para ""educación"", lo que sugiere que podría estar buscando financiar algún tipo de programa de formación o desarrollo profesional. Este tipo de solicitud de crédito para fines educativos suele ser considerada como una inversión en capital humano, lo cual puede ser visto de manera favorable en el análisis de riesgo crediticio.

En resumen, este cliente presenta un perfil demográfico y profesional estable, pero la falta de información financiera detallada representa un factor de riesgo a considerar. La solicitud de crédito para fines educativos puede ser vista de manera positiva, siempre y cuando se realice un análisis exhaustivo de su capacidad de pago y de los riesgos asociados.",good,0.7,"El cliente presenta un perfil demográfico y profesional estable, con un empleo de tiempo completo y una vivienda sin costo de alquiler o hipoteca. Aunque la falta de información financiera detallada representa un factor de riesgo, la solicitud de crédito para fines educativos se considera una inversión en capital humano, lo cual puede ser visto de manera favorable. Por lo tanto, se recomienda aprobar el crédito, pero con un seguimiento cercano del desempeño de pago del cliente."
53,male,2,own,quite rich,,2835,24,furniture/equipment,"Descripción del cliente bancario:

Este cliente es un hombre de 53 años de edad que se desempeña en un trabajo estable y bien remunerado. Su perfil demográfico y profesional lo ubica como un individuo maduro y con una trayectoria laboral consolidada.

En cuanto a su situación financiera, el cliente cuenta con ahorros considerables, lo que indica una sólida posición de liquidez. Además, es propietario de su vivienda, lo cual refleja una estabilidad en su situación patrimonial. Estos factores son indicadores positivos de su capacidad de pago y solvencia.

Con respecto a la solicitud de crédito, el cliente solicita un préstamo por un monto de $2,835 con una duración de 24 meses, cuyo propósito es la adquisición de muebles y equipamiento. Dada su favorable situación financiera y patrimonial, este cliente presenta un perfil de riesgo crediticio bajo, lo cual lo convierte en un solicitante atractivo para la institución bancaria.",good,0.9,"El cliente presenta un perfil de bajo riesgo crediticio. Tiene 53 años, un trabajo estable y bien remunerado, ahorros considerables y es propietario de su vivienda, lo que indica una sólida situación financiera y patrimonial. Además, la solicitud de crédito es por un monto moderado y un plazo de 24 meses, lo cual es acorde a su capacidad de pago. Estos factores sugieren que el cliente tiene una alta probabilidad de cumplir con sus obligaciones crediticias, por lo que se recomienda aprobar la solicitud."
35,male,3,rent,little,moderate,6948,36,car,"Descripción del cliente bancario:

Este cliente es un hombre de 35 años de edad que se desempeña en un trabajo de nivel medio. Su perfil demográfico y profesional lo ubica como un adulto en la etapa media de su vida laboral, con un nivel de ingresos y estabilidad laboral que se puede considerar promedio.

En cuanto a su situación financiera y vivienda, este cliente alquila su vivienda y tiene un nivel moderado de ahorros en su cuenta bancaria, lo que sugiere que maneja sus finanzas de manera prudente, pero sin contar con un colchón financiero significativo. Su solicitud de crédito por un monto de $6,948 a 36 meses plazo, indica que está buscando financiar la adquisición de un vehículo, lo cual es un gasto importante pero común en esta etapa de la vida.

La combinación de su perfil demográfico, situación financiera y propósito del crédito, lo ubica como un cliente con un riesgo crediticio moderado. Si bien no cuenta con ahorros significativos, su estabilidad laboral y la naturaleza del crédito solicitado, lo convierten en un solicitante que merece una evaluación cuidadosa, pero que podría calificar para el financiamiento requerido, siempre y cuando cumpla con los demás requisitos establecidos por la institución bancaria.",good,0.7,"El cliente presenta un perfil de riesgo crediticio moderado. Si bien no cuenta con ahorros significativos, su estabilidad laboral y la naturaleza del crédito solicitado (para la compra de un vehículo) lo convierten en un solicitante que merece una evaluación cuidadosa y podría calificar para el financiamiento requerido, siempre y cuando cumpla con los demás requisitos establecidos por la institución bancaria."
61,male,1,own,rich,,3059,12,radio/TV,"Descripción del cliente bancario:

Este cliente es un hombre de 61 años de edad. Según la información proporcionada, su situación profesional se clasifica como ""Job 1"", lo cual sugiere que se trata de un empleo estable y de larga trayectoria. 

En cuanto a su situación financiera, el cliente cuenta con una ""cuenta de ahorros rica"", lo que indica que posee un buen nivel de ahorro y liquidez. Sin embargo, no se proporciona información sobre su cuenta corriente. En relación a su vivienda, el cliente es propietario de la misma, lo cual es un indicador positivo de estabilidad y solvencia.

Con respecto a la solicitud de crédito, el cliente solicita un préstamo por un monto de $3,059 con una duración de 12 meses, y cuyo propósito es la adquisición de un radio o televisor. Dado el monto relativamente bajo del crédito y su corta duración, este tipo de solicitud suele representar un riesgo crediticio moderado, siempre y cuando el cliente cuente con los ingresos y la capacidad de pago necesarios.

En resumen, este cliente presenta un perfil demográfico y profesional estable, una situación financiera sólida y una solicitud de crédito de riesgo moderado. Sin embargo, sería recomendable contar con información adicional sobre sus ingresos, otras deudas y antecedentes crediticios para realizar un análisis de riesgo más completo.",good,0.8,"El cliente presenta un perfil demográfico y profesional estable, una situación financiera sólida y una solicitud de crédito de riesgo moderado. Si bien sería recomendable contar con información adicional, los datos proporcionados indican que este cliente tiene un riesgo crediticio bajo y se recomienda aprobar la solicitud."
28,male,3,own,little,moderate,5234,30,car,"Descripción del cliente bancario:

Este cliente es un hombre de 28 años de edad que se desempeña en un trabajo de nivel medio. Su perfil demográfico y profesional lo ubica como un adulto joven en una etapa temprana de su carrera. 

En cuanto a su situación financiera y vivienda, el cliente posee una pequeña cantidad de ahorros y una cuenta corriente con un saldo moderado. Esto sugiere que maneja sus finanzas de manera prudente, pero aún no ha logrado acumular un nivel significativo de reservas. Por otro lado, el hecho de que sea propietario de su vivienda indica una cierta estabilidad y compromiso a largo plazo.

Con respecto a la solicitud de crédito, el cliente está solicitando un préstamo por un monto de $5,234 con una duración de 30 meses, con el propósito de adquirir un vehículo. Esta solicitud de crédito para un bien de consumo duradero como un automóvil es común en esta etapa de la vida y puede considerarse una inversión razonable para mejorar su movilidad y calidad de vida.

En general, el perfil de este cliente sugiere a un individuo responsable y con una situación financiera estable, lo cual lo convierte en un solicitante de crédito con un riesgo crediticio moderado. Sin embargo, sería prudente analizar con mayor detalle otros factores, como su historial crediticio y capacidad de pago, para tomar una decisión informada sobre la aprobación de la solicitud.",good,0.7,"El cliente presenta un perfil financiero y demográfico estable, con un empleo de nivel medio, propietario de vivienda y con ahorros y cuenta corriente moderados. Si bien la solicitud de crédito para la compra de un automóvil representa un riesgo, el monto y la duración del préstamo parecen razonables para su situación. Con un análisis más detallado de su historial crediticio y capacidad de pago, se considera que este cliente representa un riesgo crediticio moderado y se recomienda aprobar la solicitud."
